{
  "assetsByChunkName": {
    "vendors~app-account~app-checkout~app-confirmation~app-order": "chunk.c489ea5b451bcc302386.js",
    "vendors~app-account~app-confirmation~app-order": "chunk.1f44267f94f9d799448c.js",
    "vendors~app-account~app-checkout": "chunk.43279aefc5870b8cc0ea.js",
    "admin": [
      "admin.f1240e5c943ef3ac8cd6.js",
      "admin.f1240e5c943ef3ac8cd6.js.map"
    ],
    "app-account": "chunk.876aa96a6c112b1c34a0.js",
    "app-confirmation": "chunk.4ccdead3cbfbc4058e29.js",
    "app-order": "chunk.4681649ee8edc0b209e5.js",
    "checkout": [
      "checkout.59fd923bdf715ae9cec2.js",
      "checkout.59fd923bdf715ae9cec2.js.map"
    ],
    "storefront": [
      "storefront.deb4bccbf68db47848a4.css",
      "storefront.b494f0787a226e3a5648.js",
      "storefront.deb4bccbf68db47848a4.css.map",
      "storefront.b494f0787a226e3a5648.js.map"
    ],
    "vendors~app-cart": "chunk.b932b40bfd6391f7b634.js",
    "vendors~app-checkout": "chunk.7978b2e991bee0dd4b3f.js"
  }
}