{
  "meta_title": "",
  "meta_description": "",
  "sections": [
    {
      "type": "banner-slider",
      "autoplay": 9000,
      "slides": [
        {
          "img": "/img/uploads/rect89.webp",
          "link": "/headset",
          "alt": "Headset banner",
          "start": "2020-04-11T05:54:06.750Z",
          "end": "2020-12-31T03:00:00.000Z"
        },
        {
          "img": "/img/uploads/banner2.webp",
          "alt": "Banner sample two",
          "start": "",
          "end": ""
        }
      ]
    },
    {
      "type": "info-bar",
      "enabled": true
    },
    {
      "type": "collection-shelf",
      "shuffle": true,
      "collection_id": null,
      "limit": 12,
      "page": 1
    },
    {
      "type": "page-title",
      "title": "Loja demo da E-Com Plus",
      "description": "Loja de demonstração e testes da plataforma E-Com Plus e Storefront. Todos os produtos, preços e informações são meramente ilustrativos."
    },
    {
      "type": "banners-grid",
      "banners": [
        {
          "img": "/img/uploads/banner2.webp",
          "mobile_img": "/img/uploads/banner1.png"
        }
      ]
    },
    {
      "type": "offers-timer",
      "max_hours": 24,
      "start": "2021-09-10T18:08:15.217Z",
      "end": "2021-09-10T18:08:15.252Z"
    },
    {
      "type": "dynamic-showcase",
      "load_more": true,
      "sort": "news"
    }
  ]
}